fixture_id,season,date,match_day,referee,home_team,away_team,home_goals,away_goals,home_results,away_results,home_XGoals,away_XGoals,home_corners,away_corners,home_yellow_cards,away_yellow_cards,home_shots,away_shots,home_shots_on_goal,away_shots_on_goal,home_gk_saves,away_gk_saves,home_possession,away_possession,home_pass_accuracy,away_pass_accuracy,home_offsides,away_offsides,home_fouls,away_fouls
1208021,2024,2024-08-16T19:00:00+00:00,1,R. Jones,Manchester United,Fulham,1,0,W,L,2.43,0.44,7.0,8.0,2.0,3.0,14.0,10.0,5.0,2.0,2.0,4.0,55%,45%,85%,80%,3.0,1.0,12.0,10.0
1208022,2024,2024-08-17T11:30:00+00:00,1,T. Robinson,Ipswich,Liverpool,0,2,L,W,0.45,2.65,2.0,10.0,3.0,1.0,7.0,18.0,2.0,5.0,3.0,2.0,38%,62%,78%,86%,5.0,0.0,9.0,18.0
1208025,2024,2024-08-17T14:00:00+00:00,1,C. Pawson,Newcastle,Southampton,1,0,W,L,0.25,1.77,3.0,12.0,2.0,4.0,3.0,19.0,1.0,4.0,3.0,0.0,22%,78%,65%,89%,1.0,2.0,15.0,16.0
1208023,2024,2024-08-17T14:00:00+00:00,1,J. Gillett,Arsenal,Wolves,2,0,W,L,1.24,0.47,8.0,2.0,2.0,2.0,18.0,9.0,6.0,3.0,3.0,4.0,53%,47%,85%,82%,0.0,1.0,17.0,14.0
1208024,2024,2024-08-17T14:00:00+00:00,1,S. Hooper,Everton,Brighton,0,3,L,W,0.45,1.43,1.0,5.0,1.0,1.0,9.0,10.0,1.0,5.0,2.0,1.0,38%,62%,77%,86%,7.0,1.0,8.0,8.0
1208026,2024,2024-08-17T14:00:00+00:00,1,M. Oliver,Nottingham Forest,Bournemouth,1,1,D,D,1.3,1.22,2.0,6.0,1.0,3.0,14.0,13.0,8.0,4.0,3.0,7.0,53%,47%,80%,78%,1.0,4.0,17.0,8.0
1208027,2024,2024-08-17T16:30:00+00:00,1,T. Harrington,West Ham,Aston Villa,1,2,L,W,2.46,2.03,5.0,3.0,1.0,2.0,14.0,15.0,3.0,3.0,1.0,3.0,52%,48%,84%,84%,1.0,1.0,18.0,11.0
1208028,2024,2024-08-18T13:00:00+00:00,1,S. Barrott,Brentford,Crystal Palace,2,1,W,L,1.59,1.17,4.0,7.0,1.0,5.0,9.0,14.0,5.0,6.0,6.0,3.0,46%,54%,77%,81%,1.0,3.0,6.0,15.0
1208029,2024,2024-08-18T15:30:00+00:00,1,A. Taylor,Chelsea,Manchester City,0,2,L,W,1.01,0.77,4.0,3.0,1.0,1.0,10.0,11.0,3.0,5.0,3.0,3.0,48%,52%,89%,89%,2.0,1.0,12.0,9.0
1208030,2024,2024-08-19T19:00:00+00:00,1,C. Kavanagh,Leicester,Tottenham,1,1,D,D,1.05,1.18,2.0,13.0,1.0,1.0,7.0,15.0,3.0,7.0,5.0,2.0,30%,70%,77%,90%,2.0,1.0,11.0,12.0
1208033,2024,2024-08-24T11:30:00+00:00,2,C. Pawson,Brighton,Manchester United,2,1,W,L,2.09,1.43,4.0,4.0,1.0,2.0,14.0,11.0,5.0,4.0,2.0,2.0,48%,52%,85%,87%,0.0,6.0,9.0,13.0
1208035,2024,2024-08-24T14:00:00+00:00,2,D. Bond,Fulham,Leicester,2,1,W,L,1.78,0.61,7.0,5.0,2.0,2.0,18.0,10.0,6.0,4.0,3.0,4.0,54%,46%,85%,84%,0.0,5.0,14.0,13.0
1208038,2024,2024-08-24T14:00:00+00:00,2,S. Barrott,Southampton,Nottingham Forest,0,1,L,W,0.14,2.45,4.0,10.0,3.0,3.0,5.0,23.0,1.0,8.0,7.0,1.0,65%,35%,91%,84%,0.0,1.0,14.0,14.0
1208039,2024,2024-08-24T14:00:00+00:00,2,A. Taylor,Tottenham,Everton,4,0,W,L,2.43,1.0,12.0,5.0,0.0,0.0,13.0,10.0,7.0,1.0,1.0,3.0,71%,29%,89%,75%,0.0,4.0,11.0,15.0
1208037,2024,2024-08-24T14:00:00+00:00,2,S. Allison,Manchester City,Ipswich,4,1,W,L,3.34,0.29,10.0,1.0,2.0,3.0,14.0,1.0,5.0,1.0,0.0,1.0,75%,25%,93%,82%,3.0,1.0,4.0,15.0
1208034,2024,2024-08-24T14:00:00+00:00,2,R. Jones,Crystal Palace,West Ham,0,2,L,W,1.35,1.39,3.0,3.0,1.0,1.0,14.0,18.0,2.0,3.0,1.0,2.0,58%,42%,82%,77%,3.0,2.0,9.0,17.0
1208032,2024,2024-08-24T16:30:00+00:00,2,M. Oliver,Aston Villa,Arsenal,0,2,L,W,1.28,0.87,4.0,1.0,1.0,3.0,11.0,9.0,3.0,4.0,2.0,3.0,39%,61%,82%,91%,3.0,1.0,8.0,16.0
1208031,2024,2024-08-25T13:00:00+00:00,2,D. Coote,Bournemouth,Newcastle,1,1,D,D,2.26,1.69,8.0,9.0,2.0,2.0,16.0,14.0,4.0,5.0,4.0,3.0,39%,61%,76%,79%,0.0,0.0,20.0,8.0
1208040,2024,2024-08-25T13:00:00+00:00,2,D. England,Wolves,Chelsea,2,6,L,W,1.96,1.68,5.0,5.0,2.0,3.0,12.0,14.0,4.0,8.0,2.0,2.0,40%,60%,79%,86%,3.0,1.0,13.0,13.0
1208036,2024,2024-08-25T15:30:00+00:00,2,S. Attwell,Liverpool,Brentford,2,0,W,L,2.65,0.36,9.0,4.0,2.0,3.0,19.0,8.0,8.0,2.0,2.0,6.0,63%,37%,92%,82%,1.0,2.0,10.0,7.0
1208041,2024,2024-08-31T11:30:00+00:00,3,C. Kavanagh,Arsenal,Brighton,1,1,D,D,2.08,1.83,3.0,7.0,5.0,2.0,11.0,22.0,7.0,4.0,3.0,6.0,36%,64%,74%,86%,3.0,1.0,12.0,7.0
1208044,2024,2024-08-31T14:00:00+00:00,3,S. Attwell,Everton,Bournemouth,2,3,L,W,1.97,2.22,8.0,4.0,2.0,1.0,18.0,17.0,8.0,7.0,4.0,6.0,47%,53%,74%,77%,2.0,2.0,6.0,11.0
1208046,2024,2024-08-31T14:00:00+00:00,3,D. Coote,Leicester,Aston Villa,1,2,L,W,0.45,1.55,1.0,4.0,4.0,5.0,9.0,10.0,3.0,5.0,3.0,2.0,58%,42%,89%,83%,3.0,1.0,13.0,21.0
1208042,2024,2024-08-31T14:00:00+00:00,3,J. Smith,Brentford,Southampton,3,1,W,L,2.78,1.57,2.0,8.0,2.0,1.0,20.0,18.0,7.0,6.0,5.0,4.0,37%,63%,87%,88%,1.0,2.0,10.0,7.0
1208045,2024,2024-08-31T14:00:00+00:00,3,L. Smith,Ipswich,Fulham,1,1,D,D,0.45,0.95,8.0,6.0,2.0,3.0,11.0,9.0,4.0,4.0,3.0,3.0,49%,51%,86%,86%,4.0,0.0,15.0,15.0
1208049,2024,2024-08-31T14:00:00+00:00,3,S. Hooper,Nottingham Forest,Wolves,1,1,D,D,1.04,0.74,7.0,3.0,3.0,4.0,16.0,11.0,5.0,3.0,1.0,4.0,52%,48%,80%,78%,4.0,0.0,15.0,18.0
1208050,2024,2024-08-31T16:30:00+00:00,3,M. Oliver,West Ham,Manchester City,1,3,L,W,0.73,3.0,3.0,11.0,3.0,2.0,10.0,23.0,2.0,8.0,5.0,2.0,32%,68%,84%,92%,0.0,1.0,10.0,3.0
1208048,2024,2024-09-01T12:30:00+00:00,3,R. Jones,Newcastle,Tottenham,2,1,W,L,1.83,1.26,7.0,12.0,4.0,4.0,9.0,20.0,3.0,6.0,6.0,1.0,34%,66%,70%,84%,2.0,4.0,16.0,13.0
1208043,2024,2024-09-01T12:30:00+00:00,3,J. Gillett,Chelsea,Crystal Palace,1,1,D,D,2.37,0.54,4.0,4.0,4.0,2.0,13.0,9.0,7.0,3.0,2.0,6.0,63%,37%,90%,79%,0.0,1.0,9.0,13.0
1208047,2024,2024-09-01T15:00:00+00:00,3,A. Taylor,Manchester United,Liverpool,0,3,L,W,1.36,1.79,5.0,2.0,4.0,1.0,8.0,11.0,3.0,3.0,0.0,3.0,53%,47%,83%,84%,0.0,2.0,7.0,7.0
1208058,2024,2024-09-14T11:30:00+00:00,4,S. Attwell,Southampton,Manchester United,0,3,L,W,1.12,2.67,0.0,7.0,1.0,4.0,6.0,20.0,4.0,10.0,7.0,3.0,44%,56%,88%,91%,0.0,0.0,11.0,14.0
1208055,2024,2024-09-14T14:00:00+00:00,4,T. Robinson,Fulham,West Ham,1,1,D,D,1.54,0.76,3.0,2.0,2.0,3.0,21.0,11.0,5.0,3.0,2.0,4.0,55%,45%,80%,77%,3.0,2.0,15.0,18.0
1208056,2024,2024-09-14T14:00:00+00:00,4,M. Oliver,Liverpool,Nottingham Forest,0,1,L,W,0.94,0.44,7.0,2.0,4.0,4.0,14.0,5.0,5.0,3.0,2.0,5.0,69%,31%,84%,69%,0.0,5.0,15.0,6.0
1208057,2024,2024-09-14T14:00:00+00:00,4,D. Bond,Manchester City,Brentford,2,1,W,L,2.17,0.96,12.0,3.0,3.0,1.0,18.0,8.0,7.0,5.0,5.0,5.0,54%,46%,89%,85%,1.0,1.0,9.0,3.0
1208053,2024,2024-09-14T14:00:00+00:00,4,S. Barrott,Brighton,Ipswich,0,0,D,D,1.66,0.35,9.0,2.0,4.0,3.0,21.0,6.0,6.0,1.0,1.0,6.0,69%,31%,86%,70%,1.0,3.0,14.0,16.0
1208054,2024,2024-09-14T14:00:00+00:00,4,T. Harrington,Crystal Palace,Leicester,2,2,D,D,2.55,1.23,5.0,2.0,0.0,3.0,20.0,9.0,4.0,4.0,2.0,2.0,67%,33%,85%,69%,3.0,0.0,11.0,15.0
1208052,2024,2024-09-14T16:30:00+00:00,4,C. Pawson,Aston Villa,Everton,3,2,W,L,2.12,0.9,6.0,2.0,1.0,4.0,17.0,6.0,8.0,2.0,0.0,4.0,73%,27%,91%,76%,1.0,3.0,10.0,12.0
1208051,2024,2024-09-14T19:00:00+00:00,4,A. Taylor,Bournemouth,Chelsea,0,1,L,W,1.78,0.78,6.0,3.0,6.0,8.0,19.0,10.0,7.0,3.0,2.0,7.0,33%,67%,70%,85%,4.0,3.0,16.0,9.0
1208059,2024,2024-09-15T13:00:00+00:00,4,J. Gillett,Tottenham,Arsenal,0,1,L,W,0.71,0.74,7.0,6.0,5.0,3.0,15.0,7.0,5.0,4.0,3.0,5.0,64%,36%,88%,76%,2.0,3.0,13.0,10.0
1208060,2024,2024-09-15T15:30:00+00:00,4,C. Kavanagh,Wolves,Newcastle,1,2,L,W,1.23,1.52,4.0,7.0,3.0,3.0,12.0,14.0,5.0,6.0,4.0,4.0,49%,51%,84%,88%,3.0,2.0,17.0,6.0
1208070,2024,2024-09-21T11:30:00+00:00,5,S. Barrott,West Ham,Chelsea,0,3,L,W,0.85,2.19,6.0,5.0,5.0,2.0,15.0,12.0,7.0,5.0,2.0,7.0,53%,47%,89%,87%,2.0,1.0,17.0,9.0
1208064,2024,2024-09-21T14:00:00+00:00,5,P. Bankes,Fulham,Newcastle,3,1,W,L,2.29,1.54,6.0,0.0,6.0,0.0,22.0,16.0,11.0,5.0,4.0,8.0,39%,61%,82%,90%,1.0,6.0,16.0,8.0
1208066,2024,2024-09-21T14:00:00+00:00,5,T. Harrington,Liverpool,Bournemouth,3,0,W,L,2.06,1.08,3.0,9.0,1.0,4.0,19.0,19.0,13.0,6.0,7.0,9.0,59%,41%,89%,85%,0.0,3.0,10.0,12.0
1208068,2024,2024-09-21T14:00:00+00:00,5,S. Allison,Southampton,Ipswich,1,1,D,D,2.49,1.69,2.0,10.0,4.0,4.0,11.0,13.0,3.0,6.0,5.0,2.0,54%,46%,87%,86%,3.0,1.0,16.0,16.0
1208065,2024,2024-09-21T14:00:00+00:00,5,D. England,Leicester,Everton,1,1,D,D,0.66,1.1,6.0,1.0,1.0,2.0,12.0,17.0,2.0,5.0,4.0,1.0,59%,41%,85%,81%,2.0,5.0,11.0,12.0
1208069,2024,2024-09-21T14:00:00+00:00,5,J. Brooks,Tottenham,Brentford,3,1,W,L,3.52,0.8,9.0,4.0,3.0,1.0,23.0,6.0,10.0,6.0,5.0,6.0,48%,52%,82%,80%,1.0,2.0,11.0,9.0
1208061,2024,2024-09-21T14:00:00+00:00,5,T. Robinson,Aston Villa,Wolves,3,1,W,L,1.73,0.51,6.0,5.0,3.0,6.0,9.0,10.0,4.0,4.0,3.0,0.0,53%,47%,88%,86%,1.0,5.0,11.0,16.0
1208063,2024,2024-09-21T16:30:00+00:00,5,D. Coote,Crystal Palace,Manchester United,0,0,D,D,1.01,1.7,4.0,11.0,3.0,2.0,9.0,15.0,4.0,6.0,7.0,4.0,33%,67%,71%,86%,1.0,0.0,7.0,12.0
1208062,2024,2024-09-22T13:00:00+00:00,5,R. Jones,Brighton,Nottingham Forest,2,2,D,D,1.0,1.42,9.0,1.0,3.0,6.0,14.0,4.0,3.0,3.0,2.0,1.0,70%,30%,88%,69%,0.0,4.0,12.0,11.0
1208067,2024,2024-09-22T15:30:00+00:00,5,M. Oliver,Manchester City,Arsenal,2,2,D,D,2.18,0.67,8.0,2.0,3.0,6.0,33.0,5.0,11.0,3.0,1.0,9.0,77%,23%,91%,71%,0.0,1.0,7.0,10.0
1208078,2024,2024-09-28T11:30:00+00:00,6,J. Gillett,Newcastle,Manchester City,1,1,D,D,1.57,0.91,5.0,6.0,4.0,4.0,11.0,16.0,4.0,6.0,5.0,3.0,38%,62%,79%,88%,1.0,0.0,14.0,10.0
1208072,2024,2024-09-28T14:00:00+00:00,6,S. Barrott,Arsenal,Leicester,4,2,W,L,4.62,0.32,17.0,0.0,2.0,4.0,36.0,5.0,16.0,3.0,1.0,13.0,75%,25%,89%,74%,0.0,1.0,11.0,6.0
1208075,2024,2024-09-28T14:00:00+00:00,6,A. Madley,Everton,Crystal Palace,2,1,W,L,0.89,0.95,5.0,8.0,2.0,0.0,8.0,17.0,2.0,5.0,3.0,0.0,40%,60%,75%,81%,2.0,0.0,13.0,11.0
1208074,2024,2024-09-28T14:00:00+00:00,6,P. Bankes,Chelsea,Brighton,4,2,W,L,4.16,1.11,8.0,2.0,3.0,2.0,15.0,15.0,7.0,5.0,4.0,2.0,41%,59%,77%,86%,6.0,2.0,11.0,8.0
1208073,2024,2024-09-28T14:00:00+00:00,6,S. Hooper,Brentford,West Ham,1,1,D,D,0.37,0.99,7.0,6.0,2.0,3.0,8.0,19.0,3.0,3.0,2.0,2.0,57%,43%,80%,79%,1.0,2.0,2.0,11.0
1208079,2024,2024-09-28T14:00:00+00:00,6,J. Smith,Nottingham Forest,Fulham,0,1,L,W,0.8,1.33,6.0,5.0,2.0,4.0,11.0,14.0,1.0,2.0,1.0,1.0,41%,59%,79%,87%,7.0,1.0,11.0,15.0
1208080,2024,2024-09-28T16:30:00+00:00,6,A. Taylor,Wolves,Liverpool,1,2,L,W,0.63,2.54,2.0,10.0,2.0,3.0,8.0,10.0,3.0,6.0,4.0,2.0,45%,55%,84%,85%,1.0,2.0,16.0,8.0
1208076,2024,2024-09-29T13:00:00+00:00,6,S. Attwell,Ipswich,Aston Villa,2,2,D,D,1.18,0.82,10.0,0.0,4.0,1.0,15.0,7.0,5.0,3.0,1.0,3.0,44%,56%,85%,89%,2.0,1.0,10.0,14.0
1208077,2024,2024-09-29T15:30:00+00:00,6,C. Kavanagh,Manchester United,Tottenham,0,3,L,W,0.96,4.59,5.0,3.0,5.0,3.0,11.0,24.0,2.0,10.0,7.0,2.0,39%,61%,79%,88%,2.0,1.0,16.0,14.0
1208071,2024,2024-09-30T19:00:00+00:00,6,M. Oliver,Bournemouth,Southampton,3,1,W,L,1.38,0.6,6.0,4.0,2.0,5.0,14.0,9.0,6.0,3.0,2.0,3.0,40%,60%,81%,86%,1.0,1.0,19.0,12.0
1208086,2024,2024-10-05T11:30:00+00:00,7,S. Hooper,Crystal Palace,Liverpool,0,1,L,W,0.64,1.4,3.0,8.0,4.0,2.0,9.0,16.0,5.0,4.0,3.0,5.0,32%,68%,70%,86%,1.0,0.0,7.0,15.0
1208081,2024,2024-10-05T14:00:00+00:00,7,T. Harrington,Arsenal,Southampton,3,1,W,L,2.83,0.65,13.0,1.0,0.0,3.0,29.0,8.0,6.0,2.0,1.0,3.0,59%,41%,90%,85%,1.0,0.0,10.0,9.0
1208088,2024,2024-10-05T14:00:00+00:00,7,D. Bond,Leicester,Bournemouth,1,0,W,L,0.79,2.16,0.0,9.0,4.0,1.0,6.0,19.0,2.0,2.0,2.0,1.0,44%,56%,76%,82%,2.0,1.0,12.0,14.0
1208090,2024,2024-10-05T14:00:00+00:00,7,A. Taylor,West Ham,Ipswich,4,1,W,L,3.79,0.65,5.0,5.0,0.0,1.0,23.0,9.0,13.0,2.0,2.0,8.0,53%,47%,87%,84%,3.0,1.0,12.0,6.0
1208089,2024,2024-10-05T14:00:00+00:00,7,P. Bankes,Manchester City,Fulham,3,2,W,L,1.57,2.6,8.0,3.0,2.0,1.0,20.0,11.0,7.0,4.0,2.0,4.0,58%,42%,91%,87%,0.0,3.0,4.0,10.0
1208083,2024,2024-10-05T14:00:00+00:00,7,A. Madley,Brentford,Wolves,5,3,W,L,4.25,1.05,10.0,3.0,2.0,3.0,19.0,17.0,12.0,6.0,3.0,7.0,44%,56%,78%,79%,5.0,1.0,9.0,10.0
1208087,2024,2024-10-05T16:30:00+00:00,7,C. Pawson,Everton,Newcastle,0,0,D,D,0.67,2.05,0.0,10.0,1.0,2.0,8.0,14.0,2.0,3.0,3.0,2.0,32%,68%,74%,86%,2.0,3.0,12.0,8.0
1208085,2024,2024-10-06T13:00:00+00:00,7,C. Kavanagh,Chelsea,Nottingham Forest,1,1,D,D,2.46,0.87,11.0,3.0,6.0,4.0,22.0,16.0,8.0,9.0,8.0,7.0,66%,34%,88%,76%,1.0,3.0,12.0,11.0
1208082,2024,2024-10-06T13:00:00+00:00,7,R. Jones,Aston Villa,Manchester United,0,0,D,D,0.5,0.56,6.0,3.0,1.0,5.0,11.0,10.0,1.0,4.0,4.0,1.0,54%,46%,83%,82%,0.0,1.0,12.0,11.0
1208084,2024,2024-10-06T15:30:00+00:00,7,D. Coote,Brighton,Tottenham,3,2,W,L,1.76,1.34,4.0,7.0,2.0,2.0,11.0,13.0,4.0,3.0,1.0,1.0,41%,59%,83%,88%,2.0,2.0,14.0,10.0
1208099,2024,2024-10-19T11:30:00+00:00,8,A. Madley,Tottenham,West Ham,4,1,W,L,1.92,0.78,13.0,5.0,1.0,3.0,22.0,11.0,7.0,4.0,2.0,4.0,57%,43%,87%,81%,2.0,1.0,10.0,15.0
1208095,2024,2024-10-19T14:00:00+00:00,8,S. Barrott,Manchester United,Brentford,2,1,W,L,1.33,0.86,9.0,2.0,2.0,2.0,23.0,8.0,11.0,2.0,1.0,9.0,50%,50%,84%,85%,1.0,3.0,4.0,5.0
1208096,2024,2024-10-19T14:00:00+00:00,8,P. Bankes,Newcastle,Brighton,0,1,L,W,2.02,1.12,9.0,4.0,2.0,2.0,21.0,10.0,6.0,5.0,4.0,6.0,60%,40%,82%,79%,3.0,0.0,11.0,9.0
1208092,2024,2024-10-19T14:00:00+00:00,8,D. England,Fulham,Aston Villa,1,3,L,W,1.78,1.68,6.0,11.0,3.0,5.0,10.0,14.0,4.0,5.0,4.0,3.0,52%,48%,87%,88%,2.0,2.0,8.0,11.0
1208098,2024,2024-10-19T14:00:00+00:00,8,A. Taylor,Southampton,Leicester,2,3,L,W,2.15,3.21,10.0,6.0,5.0,3.0,14.0,18.0,7.0,4.0,1.0,6.0,42%,58%,83%,85%,1.0,2.0,10.0,10.0
1208093,2024,2024-10-19T14:00:00+00:00,8,M. Oliver,Ipswich,Everton,0,2,L,W,1.25,1.74,5.0,7.0,1.0,1.0,13.0,11.0,2.0,8.0,6.0,2.0,55%,45%,87%,79%,1.0,0.0,12.0,10.0
1208091,2024,2024-10-19T16:30:00+00:00,8,R. Jones,Bournemouth,Arsenal,2,0,W,L,1.82,0.68,7.0,4.0,1.0,1.0,13.0,6.0,4.0,1.0,1.0,2.0,49%,51%,80%,79%,1.0,1.0,12.0,11.0
1208100,2024,2024-10-20T13:00:00+00:00,8,C. Kavanagh,Wolves,Manchester City,1,2,L,W,0.97,1.62,1.0,18.0,4.0,1.0,3.0,22.0,2.0,7.0,5.0,1.0,22%,78%,66%,90%,2.0,1.0,8.0,5.0
1208094,2024,2024-10-20T15:30:00+00:00,8,J. Brooks,Liverpool,Chelsea,2,1,W,L,1.94,0.99,1.0,5.0,4.0,3.0,9.0,12.0,5.0,2.0,1.0,3.0,43%,57%,80%,88%,5.0,0.0,12.0,13.0
1208097,2024,2024-10-21T19:00:00+00:00,8,T. Robinson,Nottingham Forest,Crystal Palace,1,0,W,L,1.76,0.97,6.0,6.0,2.0,3.0,20.0,20.0,6.0,7.0,7.0,5.0,50%,50%,82%,80%,2.0,2.0,9.0,12.0
1208110,2024,2024-10-25T19:00:00+00:00,9,C. Pawson,Leicester,Nottingham Forest,1,3,L,W,,,,,,,,,,,,,,,,,,,,
1208111,2024,2024-10-26T14:00:00+00:00,9,T. Harrington,Manchester City,Southampton,1,0,W,L,,,,,,,,,,,,,,,,,,,,
1208106,2024,2024-10-26T14:00:00+00:00,9,M. Oliver,Brighton,Wolves,2,2,D,D,,,,,,,,,,,,,,,,,,,,
1208105,2024,2024-10-26T14:00:00+00:00,9,L. Smith,Brentford,Ipswich,4,3,W,L,,,,,,,,,,,,,,,,,,,,
1208104,2024,2024-10-26T14:00:00+00:00,9,C. Kavanagh,Aston Villa,Bournemouth,1,1,D,D,,,,,,,,,,,,,,,,,,,,
1208109,2024,2024-10-26T16:30:00+00:00,9,J. Brooks,Everton,Fulham,1,1,D,D,,,,,,,,,,,,,,,,,,,,
1208112,2024,2024-10-27T13:00:00+00:00,9,D. Coote,West Ham,Manchester United,2,1,W,L,,,,,,,,,,,,,,,,,,,,
1208107,2024,2024-10-27T13:00:00+00:00,9,S. Hooper,Chelsea,Newcastle,2,1,W,L,,,,,,,,,,,,,,,,,,,,
1208108,2024,2024-10-27T13:00:00+00:00,9,D. Bond,Crystal Palace,Tottenham,1,0,W,L,,,,,,,,,,,,,,,,,,,,
1208103,2024,2024-10-27T15:30:00+00:00,9,A. Taylor,Arsenal,Liverpool,2,2,D,D,,,,,,,,,,,,,,,,,,,,
1208118,2024,2024-11-02T12:30:00+00:00,10,J. Brooks,Newcastle,Arsenal,1,0,W,L,,,,,,,,,,,,,,,,,,,,
1208113,2024,2024-11-02T15:00:00+00:00,10,M. Oliver,Bournemouth,Manchester City,2,1,W,L,,,,,,,,,,,,,,,,,,,,
1208116,2024,2024-11-02T15:00:00+00:00,10,T. Harrington,Liverpool,Brighton,2,1,W,L,,,,,,,,,,,,,,,,,,,,
1208120,2024,2024-11-02T15:00:00+00:00,10,A. Madley,Southampton,Everton,1,0,W,L,,,,,,,,,,,,,,,,,,,,
1208115,2024,2024-11-02T15:00:00+00:00,10,T. Robinson,Ipswich,Leicester,1,1,D,D,,,,,,,,,,,,,,,,,,,,
1208119,2024,2024-11-02T15:00:00+00:00,10,P. Bankes,Nottingham Forest,West Ham,3,0,W,L,,,,,,,,,,,,,,,,,,,,
1208122,2024,2024-11-02T17:30:00+00:00,10,A. Taylor,Wolves,Crystal Palace,2,2,D,D,,,,,,,,,,,,,,,,,,,,
1208121,2024,2024-11-03T14:00:00+00:00,10,C. Pawson,Tottenham,Aston Villa,4,1,W,L,,,,,,,,,,,,,,,,,,,,
1208117,2024,2024-11-03T16:30:00+00:00,10,R. Jones,Manchester United,Chelsea,1,1,D,D,,,,,,,,,,,,,,,,,,,,
1208114,2024,2024-11-04T20:00:00+00:00,10,S. Attwell,Fulham,Brentford,2,1,W,L,,,,,,,,,,,,,,,,,,,,
1208132,2024,2024-11-09T15:00:00+00:00,11,T. Bramall,Wolves,Southampton,2,0,W,L,,,,,,,,,,,,,,,,,,,,
1208131,2024,2024-11-09T15:00:00+00:00,11,S. Attwell,West Ham,Everton,0,0,D,D,,,,,,,,,,,,,,,,,,,,
1208126,2024,2024-11-09T15:00:00+00:00,11,M. Salisbury,Crystal Palace,Fulham,0,2,L,W,,,,,,,,,,,,,,,,,,,,
1208123,2024,2024-11-09T15:00:00+00:00,11,D. Bond,Brentford,Bournemouth,3,2,W,L,,,,,,,,,,,,,,,,,,,,
1208124,2024,2024-11-09T17:30:00+00:00,11,S. Barrott,Brighton,Manchester City,2,1,W,L,,,,,,,,,,,,,,,,,,,,
1208127,2024,2024-11-09T20:00:00+00:00,11,D. Coote,Liverpool,Aston Villa,2,0,W,L,,,,,,,,,,,,,,,,,,,,
1208128,2024,2024-11-10T14:00:00+00:00,11,P. Bankes,Manchester United,Leicester,3,0,W,L,,,,,,,,,,,,,,,,,,,,
1208130,2024,2024-11-10T14:00:00+00:00,11,D. England,Tottenham,Ipswich,1,2,L,W,,,,,,,,,,,,,,,,,,,,
1208129,2024,2024-11-10T14:00:00+00:00,11,A. Taylor,Nottingham Forest,Newcastle,1,3,L,W,,,,,,,,,,,,,,,,,,,,
1208125,2024,2024-11-10T16:30:00+00:00,11,M. Oliver,Chelsea,Arsenal,1,1,D,D,,,,,,,,,,,,,,,,,,,,
1208139,2024,2024-11-23T12:30:00+00:00,12,A. Madley,Leicester,Chelsea,1,2,L,W,,,,,,,,,,,,,,,,,,,,
1208133,2024,2024-11-23T15:00:00+00:00,12,S. Attwell,Bournemouth,Brighton,1,2,L,W,,,,,,,,,,,,,,,,,,,,
1208137,2024,2024-11-23T15:00:00+00:00,12,R. Jones,Fulham,Wolves,1,4,L,W,,,,,,,,,,,,,,,,,,,,
1208134,2024,2024-11-23T15:00:00+00:00,12,S. Hooper,Arsenal,Nottingham Forest,3,0,W,L,,,,,,,,,,,,,,,,,,,,
1208136,2024,2024-11-23T15:00:00+00:00,12,C. Kavanagh,Everton,Brentford,0,0,D,D,,,,,,,,,,,,,,,,,,,,
1208135,2024,2024-11-23T15:00:00+00:00,12,T. Robinson,Aston Villa,Crystal Palace,2,2,D,D,,,,,,,,,,,,,,,,,,,,
1208140,2024,2024-11-23T17:30:00+00:00,12,J. Brooks,Manchester City,Tottenham,0,4,L,W,,,,,,,,,,,,,,,,,,,,
1208142,2024,2024-11-24T14:00:00+00:00,12,S. Barrott,Southampton,Liverpool,2,3,L,W,,,,,,,,,,,,,,,,,,,,
1208138,2024,2024-11-24T16:30:00+00:00,12,A. Taylor,Ipswich,Manchester United,1,1,D,D,,,,,,,,,,,,,,,,,,,,
1208141,2024,2024-11-25T20:00:00+00:00,12,C. Pawson,Newcastle,West Ham,0,2,L,W,,,,,,,,,,,,,,,,,,,,
1208144,2024,2024-11-29T20:00:00+00:00,13,R. Jones,Brighton,Southampton,1,1,D,D,,,,,,,,,,,,,,,,,,,,
1208152,2024,2024-11-30T15:00:00+00:00,13,P. Bankes,Wolves,Bournemouth,2,4,L,W,,,,,,,,,,,,,,,,,,,,
1208146,2024,2024-11-30T15:00:00+00:00,13,D. England,Crystal Palace,Newcastle,1,1,D,D,,,,,,,,,,,,,,,,,,,,
1208143,2024,2024-11-30T15:00:00+00:00,13,M. Oliver,Brentford,Leicester,4,1,W,L,,,,,,,,,,,,,,,,,,,,
1208149,2024,2024-11-30T15:00:00+00:00,13,T. Harrington,Nottingham Forest,Ipswich,1,0,W,L,,,,,,,,,,,,,,,,,,,,
1208151,2024,2024-11-30T17:30:00+00:00,13,A. Taylor,West Ham,Arsenal,2,5,L,W,,,,,,,,,,,,,,,,,,,,
1208148,2024,2024-12-01T13:30:00+00:00,13,J. Brooks,Manchester United,Everton,4,0,W,L,,,,,,,,,,,,,,,,,,,,
1208150,2024,2024-12-01T13:30:00+00:00,13,D. Bond,Tottenham,Fulham,1,1,D,D,,,,,,,,,,,,,,,,,,,,
1208145,2024,2024-12-01T13:30:00+00:00,13,S. Attwell,Chelsea,Aston Villa,3,0,W,L,,,,,,,,,,,,,,,,,,,,
1208147,2024,2024-12-01T16:00:00+00:00,13,C. Kavanagh,Liverpool,Manchester City,2,0,W,L,,,,,,,,,,,,,,,,,,,,
1208158,2024,2024-12-03T19:30:00+00:00,14,C. Pawson,Ipswich,Crystal Palace,0,1,L,W,,,,,,,,,,,,,,,,,,,,
1208159,2024,2024-12-03T20:15:00+00:00,14,J. Smith,Leicester,West Ham,3,1,W,L,,,,,,,,,,,,,,,,,,,,
1208161,2024,2024-12-04T19:30:00+00:00,14,A. Madley,Newcastle,Liverpool,3,3,D,D,,,,,,,,,,,,,,,,,,,,
1208162,2024,2024-12-04T19:30:00+00:00,14,T. Harrington,Southampton,Chelsea,1,5,L,W,,,,,,,,,,,,,,,,,,,,
1208156,2024,2024-12-04T19:30:00+00:00,14,M. Salisbury,Everton,Wolves,4,0,W,L,,,,,,,,,,,,,,,,,,,,
1208160,2024,2024-12-04T19:30:00+00:00,14,M. Oliver,Manchester City,Nottingham Forest,3,0,W,L,,,,,,,,,,,,,,,,,,,,
1208154,2024,2024-12-04T20:15:00+00:00,14,S. Barrott,Arsenal,Manchester United,2,0,W,L,,,,,,,,,,,,,,,,,,,,
1208155,2024,2024-12-04T20:15:00+00:00,14,L. Smith,Aston Villa,Brentford,3,1,W,L,,,,,,,,,,,,,,,,,,,,
1208157,2024,2024-12-05T19:30:00+00:00,14,P. Bankes,Fulham,Brighton,3,1,W,L,,,,,,,,,,,,,,,,,,,,
1208153,2024,2024-12-05T20:15:00+00:00,14,S. Hooper,Bournemouth,Tottenham,1,0,W,L,,,,,,,,,,,,,,,,,,,,
1208165,2024,2024-12-07T15:00:00+00:00,15,R. Jones,Crystal Palace,Manchester City,2,2,D,D,,,,,,,,,,,,,,,,,,,,
1208164,2024,2024-12-07T15:00:00+00:00,15,S. Hooper,Brentford,Newcastle,4,2,W,L,,,,,,,,,,,,,,,,,,,,
1208163,2024,2024-12-07T15:00:00+00:00,15,D. Bond,Aston Villa,Southampton,1,0,W,L,,,,,,,,,,,,,,,,,,,,
1208170,2024,2024-12-07T17:30:00+00:00,15,D. England,Manchester United,Nottingham Forest,2,3,L,W,,,,,,,,,,,,,,,,,,,,
1208167,2024,2024-12-08T14:00:00+00:00,15,C. Kavanagh,Fulham,Arsenal,1,1,D,D,,,,,,,,,,,,,,,,,,,,
1208169,2024,2024-12-08T14:00:00+00:00,15,S. Attwell,Leicester,Brighton,2,2,D,D,,,,,,,,,,,,,,,,,,,,
1208168,2024,2024-12-08T14:00:00+00:00,15,M. Salisbury,Ipswich,Bournemouth,1,2,L,W,,,,,,,,,,,,,,,,,,,,
1208171,2024,2024-12-08T16:30:00+00:00,15,A. Taylor,Tottenham,Chelsea,3,4,L,W,,,,,,,,,,,,,,,,,,,,
1208172,2024,2024-12-09T20:00:00+00:00,15,J. Brooks,West Ham,Wolves,2,1,W,L,,,,,,,,,,,,,,,,,,,,
1208179,2024,2024-12-14T15:00:00+00:00,16,T. Bramall,Newcastle,Leicester,4,0,W,L,,,,,,,,,,,,,,,,,,,,
1208182,2024,2024-12-14T15:00:00+00:00,16,S. Hooper,Wolves,Ipswich,1,2,L,W,,,,,,,,,,,,,,,,,,,,
1208177,2024,2024-12-14T15:00:00+00:00,16,T. Harrington,Liverpool,Fulham,2,2,D,D,,,,,,,,,,,,,,,,,,,,
1208174,2024,2024-12-14T15:00:00+00:00,16,C. Pawson,Arsenal,Everton,0,0,D,D,,,,,,,,,,,,,,,,,,,,
1208180,2024,2024-12-14T17:30:00+00:00,16,S. Barrott,Nottingham Forest,Aston Villa,2,1,W,L,,,,,,,,,,,,,,,,,,,,
1208175,2024,2024-12-15T14:00:00+00:00,16,M. Oliver,Brighton,Crystal Palace,1,3,L,W,,,,,,,,,,,,,,,,,,,,
1208178,2024,2024-12-15T16:30:00+00:00,16,A. Taylor,Manchester City,Manchester United,1,2,L,W,,,,,,,,,,,,,,,,,,,,
1208181,2024,2024-12-15T19:00:00+00:00,16,D. England,Southampton,Tottenham,0,5,L,W,,,,,,,,,,,,,,,,,,,,
1208176,2024,2024-12-15T19:00:00+00:00,16,P. Bankes,Chelsea,Brentford,2,1,W,L,,,,,,,,,,,,,,,,,,,,
1208173,2024,2024-12-16T20:00:00+00:00,16,C. Kavanagh,Bournemouth,West Ham,1,1,D,D,,,,,,,,,,,,,,,,,,,,
1208183,2024,2024-12-21T12:30:00+00:00,17,P. Bankes,Aston Villa,Manchester City,2,1,W,L,,,,,,,,,,,,,,,,,,,,
1208192,2024,2024-12-21T15:00:00+00:00,17,R. Jones,West Ham,Brighton,1,1,D,D,,,,,,,,,,,,,,,,,,,,
1208184,2024,2024-12-21T15:00:00+00:00,17,M. Oliver,Brentford,Nottingham Forest,0,2,L,W,,,,,,,,,,,,,,,,,,,,
1208188,2024,2024-12-21T15:00:00+00:00,17,S. Attwell,Ipswich,Newcastle,0,4,L,W,,,,,,,,,,,,,,,,,,,,
1208185,2024,2024-12-21T17:30:00+00:00,17,S. Hooper,Crystal Palace,Arsenal,1,5,L,W,,,,,,,,,,,,,,,,,,,,
1208190,2024,2024-12-22T14:00:00+00:00,17,C. Pawson,Manchester United,Bournemouth,0,3,L,W,,,,,,,,,,,,,,,,,,,,
1208187,2024,2024-12-22T14:00:00+00:00,17,T. Robinson,Fulham,Southampton,0,0,D,D,,,,,,,,,,,,,,,,,,,,
1208186,2024,2024-12-22T14:00:00+00:00,17,C. Kavanagh,Everton,Chelsea,0,0,D,D,,,,,,,,,,,,,,,,,,,,
1208189,2024,2024-12-22T14:00:00+00:00,17,A. Taylor,Leicester,Wolves,0,3,L,W,,,,,,,,,,,,,,,,,,,,
1208191,2024,2024-12-22T16:30:00+00:00,17,S. Barrott,Tottenham,Liverpool,3,6,L,W,,,,,,,,,,,,,,,,,,,,
1208198,2024,2024-12-26T12:30:00+00:00,18,S. Hooper,Manchester City,Everton,1,1,D,D,,,,,,,,,,,,,,,,,,,,
1208199,2024,2024-12-26T15:00:00+00:00,18,A. Taylor,Newcastle,Aston Villa,3,0,W,L,,,,,,,,,,,,,,,,,,,,
1208193,2024,2024-12-26T15:00:00+00:00,18,T. Bramall,Bournemouth,Crystal Palace,0,0,D,D,,,,,,,,,,,,,,,,,,,,
1208201,2024,2024-12-26T15:00:00+00:00,18,L. Smith,Southampton,West Ham,0,1,L,W,,,,,,,,,,,,,,,,,,,,
1208196,2024,2024-12-26T15:00:00+00:00,18,S. Barrott,Chelsea,Fulham,1,2,L,W,,,,,,,,,,,,,,,,,,,,
1208200,2024,2024-12-26T15:00:00+00:00,18,C. Pawson,Nottingham Forest,Tottenham,1,0,W,L,,,,,,,,,,,,,,,,,,,,
1208202,2024,2024-12-26T17:30:00+00:00,18,T. Harrington,Wolves,Manchester United,2,0,W,L,,,,,,,,,,,,,,,,,,,,
1208197,2024,2024-12-26T20:00:00+00:00,18,D. Bond,Liverpool,Leicester,3,1,W,L,,,,,,,,,,,,,,,,,,,,
1208195,2024,2024-12-27T19:30:00+00:00,18,A. Madley,Brighton,Brentford,0,0,D,D,,,,,,,,,,,,,,,,,,,,
1208194,2024,2024-12-27T20:15:00+00:00,18,D. England,Arsenal,Ipswich,1,0,W,L,,,,,,,,,,,,,,,,,,,,
1208209,2024,2024-12-29T14:30:00+00:00,19,M. Oliver,Leicester,Manchester City,0,2,L,W,,,,,,,,,,,,,,,,,,,,
1208207,2024,2024-12-29T15:00:00+00:00,19,R. Jones,Fulham,Bournemouth,2,2,D,D,,,,,,,,,,,,,,,,,,,,
1208206,2024,2024-12-29T15:00:00+00:00,19,T. Harrington,Everton,Nottingham Forest,0,2,L,W,,,,,,,,,,,,,,,,,,,,
1208211,2024,2024-12-29T15:00:00+00:00,19,C. Kavanagh,Tottenham,Wolves,2,2,D,D,,,,,,,,,,,,,,,,,,,,
1208205,2024,2024-12-29T15:00:00+00:00,19,M. Salisbury,Crystal Palace,Southampton,2,1,W,L,,,,,,,,,,,,,,,,,,,,
1208212,2024,2024-12-29T17:15:00+00:00,19,A. Taylor,West Ham,Liverpool,0,5,L,W,,,,,,,,,,,,,,,,,,,,
1208208,2024,2024-12-30T19:45:00+00:00,19,J. Brooks,Ipswich,Chelsea,2,0,W,L,,,,,,,,,,,,,,,,,,,,
1208203,2024,2024-12-30T19:45:00+00:00,19,C. Pawson,Aston Villa,Brighton,2,2,D,D,,,,,,,,,,,,,,,,,,,,
1208210,2024,2024-12-30T20:00:00+00:00,19,S. Hooper,Manchester United,Newcastle,0,2,L,W,,,,,,,,,,,,,,,,,,,,
1208204,2024,2025-01-01T17:30:00+00:00,19,P. Bankes,Brentford,Arsenal,1,3,L,W,,,,,,,,,,,,,,,,,,,,
1208221,2024,2025-01-04T12:30:00+00:00,20,A. Madley,Tottenham,Newcastle,1,2,L,W,,,,,,,,,,,,,,,,,,,,
1208213,2024,2025-01-04T15:00:00+00:00,20,J. Brooks,Bournemouth,Everton,1,0,W,L,,,,,,,,,,,,,,,,,,,,
1208220,2024,2025-01-04T15:00:00+00:00,20,S. Attwell,Southampton,Brentford,0,5,L,W,,,,,,,,,,,,,,,,,,,,
1208219,2024,2025-01-04T15:00:00+00:00,20,M. Salisbury,Manchester City,West Ham,4,1,W,L,,,,,,,,,,,,,,,,,,,,
1208216,2024,2025-01-04T15:00:00+00:00,20,T. Robinson,Crystal Palace,Chelsea,1,1,D,D,,,,,,,,,,,,,,,,,,,,
1208214,2024,2025-01-04T15:00:00+00:00,20,J. Gillett,Aston Villa,Leicester,2,1,W,L,,,,,,,,,,,,,,,,,,,,
1208215,2024,2025-01-04T17:30:00+00:00,20,A. Taylor,Brighton,Arsenal,1,1,D,D,,,,,,,,,,,,,,,,,,,,
1208217,2024,2025-01-05T14:00:00+00:00,20,D. Bond,Fulham,Ipswich,2,2,D,D,,,,,,,,,,,,,,,,,,,,
1208218,2024,2025-01-05T16:30:00+00:00,20,M. Oliver,Liverpool,Manchester United,2,2,D,D,,,,,,,,,,,,,,,,,,,,
1208222,2024,2025-01-06T20:00:00+00:00,20,P. Bankes,Wolves,Nottingham Forest,0,3,L,W,,,,,,,,,,,,,,,,,,,,
1208229,2024,2025-01-14T19:30:00+00:00,21,C. Pawson,West Ham,Fulham,3,2,W,L,,,,,,,,,,,,,,,,,,,,
1208230,2024,2025-01-14T19:30:00+00:00,21,R. Jones,Chelsea,Bournemouth,2,2,D,D,,,,,,,,,,,,,,,,,,,,
1208224,2024,2025-01-14T19:30:00+00:00,21,A. Taylor,Brentford,Manchester City,2,2,D,D,,,,,,,,,,,,,,,,,,,,
1208228,2024,2025-01-14T20:00:00+00:00,21,C. Kavanagh,Nottingham Forest,Liverpool,1,1,D,D,,,,,,,,,,,,,,,,,,,,
1208231,2024,2025-01-15T19:30:00+00:00,21,D. England,Newcastle,Wolves,3,0,W,L,,,,,,,,,,,,,,,,,,,,
1208225,2024,2025-01-15T19:30:00+00:00,21,S. Barrott,Everton,Aston Villa,0,1,L,W,,,,,,,,,,,,,,,,,,,,
1208227,2024,2025-01-15T19:30:00+00:00,21,A. Madley,Leicester,Crystal Palace,0,2,L,W,,,,,,,,,,,,,,,,,,,,
1208223,2024,2025-01-15T20:00:00+00:00,21,S. Hooper,Arsenal,Tottenham,2,1,W,L,,,,,,,,,,,,,,,,,,,,
1208226,2024,2025-01-16T19:30:00+00:00,21,T. Harrington,Ipswich,Brighton,0,2,L,W,,,,,,,,,,,,,,,,,,,,
1208232,2024,2025-01-16T20:00:00+00:00,21,J. Brooks,Manchester United,Southampton,3,1,W,L,,,,,,,,,,,,,,,,,,,,
1208240,2024,2025-01-18T12:30:00+00:00,22,S. Attwell,Newcastle,Bournemouth,1,4,L,W,,,,,,,,,,,,,,,,,,,,
1208238,2024,2025-01-18T15:00:00+00:00,22,M. Salisbury,Leicester,Fulham,0,2,L,W,,,,,,,,,,,,,,,,,,,,
1208242,2024,2025-01-18T15:00:00+00:00,22,T. Bramall,West Ham,Crystal Palace,0,2,L,W,,,,,,,,,,,,,,,,,,,,
1208234,2024,2025-01-18T15:00:00+00:00,22,A. Madley,Brentford,Liverpool,0,2,L,W,,,,,,,,,,,,,,,,,,,,
1208233,2024,2025-01-18T17:30:00+00:00,22,C. Kavanagh,Arsenal,Aston Villa,2,2,D,D,,,,,,,,,,,,,,,,,,,,
1208239,2024,2025-01-19T14:00:00+00:00,22,P. Bankes,Manchester United,Brighton,1,3,L,W,,,,,,,,,,,,,,,,,,,,
1208236,2024,2025-01-19T14:00:00+00:00,22,D. England,Everton,Tottenham,3,2,W,L,,,,,,,,,,,,,,,,,,,,
1208241,2024,2025-01-19T14:00:00+00:00,22,A. Taylor,Nottingham Forest,Southampton,3,2,W,L,,,,,,,,,,,,,,,,,,,,
1208237,2024,2025-01-19T16:30:00+00:00,22,S. Barrott,Ipswich,Manchester City,0,6,L,W,,,,,,,,,,,,,,,,,,,,
1208235,2024,2025-01-20T20:00:00+00:00,22,S. Hooper,Chelsea,Wolves,3,1,W,L,,,,,,,,,,,,,,,,,,,,
1208243,2024,2025-01-25T15:00:00+00:00,23,C. Pawson,Bournemouth,Nottingham Forest,5,0,W,L,,,,,,,,,,,,,,,,,,,,
1208252,2024,2025-01-25T15:00:00+00:00,23,M. Oliver,Wolves,Arsenal,0,1,L,W,,,,,,,,,,,,,,,,,,,,
1208248,2024,2025-01-25T15:00:00+00:00,23,M. Salisbury,Liverpool,Ipswich,4,1,W,L,,,,,,,,,,,,,,,,,,,,
1208250,2024,2025-01-25T15:00:00+00:00,23,S. Barrott,Southampton,Newcastle,1,3,L,W,,,,,,,,,,,,,,,,,,,,
1208245,2024,2025-01-25T15:00:00+00:00,23,T. Robinson,Brighton,Everton,0,1,L,W,,,,,,,,,,,,,,,,,,,,
1208249,2024,2025-01-25T17:30:00+00:00,23,J. Brooks,Manchester City,Chelsea,3,1,W,L,,,,,,,,,,,,,,,,,,,,
1208251,2024,2025-01-26T14:00:00+00:00,23,R. Jones,Tottenham,Leicester,1,2,L,W,,,,,,,,,,,,,,,,,,,,
1208246,2024,2025-01-26T14:00:00+00:00,23,T. Harrington,Crystal Palace,Brentford,1,2,L,W,,,,,,,,,,,,,,,,,,,,
1208244,2024,2025-01-26T16:30:00+00:00,23,P. Bankes,Aston Villa,West Ham,1,1,D,D,,,,,,,,,,,,,,,,,,,,
1208247,2024,2025-01-26T19:00:00+00:00,23,A. Taylor,Fulham,Manchester United,0,1,L,W,,,,,,,,,,,,,,,,,,,,
1208261,2024,2025-02-01T12:30:00+00:00,24,S. Hooper,Nottingham Forest,Brighton,7,0,W,L,,,,,,,,,,,,,,,,,,,,
1208260,2024,2025-02-01T15:00:00+00:00,24,C. Kavanagh,Newcastle,Fulham,1,2,L,W,,,,,,,,,,,,,,,,,,,,
1208253,2024,2025-02-01T15:00:00+00:00,24,D. England,Bournemouth,Liverpool,0,2,L,W,,,,,,,,,,,,,,,,,,,,
1208257,2024,2025-02-01T15:00:00+00:00,24,D. Bond,Everton,Leicester,4,0,W,L,,,,,,,,,,,,,,,,,,,,
1208258,2024,2025-02-01T15:00:00+00:00,24,M. Oliver,Ipswich,Southampton,1,2,L,W,,,,,,,,,,,,,,,,,,,,
1208262,2024,2025-02-01T17:30:00+00:00,24,A. Madley,Wolves,Aston Villa,2,0,W,L,,,,,,,,,,,,,,,,,,,,
1208259,2024,2025-02-02T14:00:00+00:00,24,J. Brooks,Manchester United,Crystal Palace,0,2,L,W,,,,,,,,,,,,,,,,,,,,
1208255,2024,2025-02-02T14:00:00+00:00,24,J. Gillett,Brentford,Tottenham,0,2,L,W,,,,,,,,,,,,,,,,,,,,
1208254,2024,2025-02-02T16:30:00+00:00,24,P. Bankes,Arsenal,Manchester City,5,1,W,L,,,,,,,,,,,,,,,,,,,,
1208256,2024,2025-02-03T20:00:00+00:00,24,S. Attwell,Chelsea,West Ham,2,1,W,L,,,,,,,,,,,,,,,,,,,,
1208166,2024,2025-02-12T19:30:00+00:00,15,M. Oliver,Everton,Liverpool,2,2,D,D,,,,,,,,,,,,,,,,,,,,
1208264,2024,2025-02-14T20:00:00+00:00,25,C. Kavanagh,Brighton,Chelsea,3,0,W,L,,,,,,,,,,,,,,,,,,,,
1208267,2024,2025-02-15T12:30:00+00:00,25,S. Barrott,Leicester,Arsenal,0,2,L,W,,,,,,,,,,,,,,,,,,,,
1208266,2024,2025-02-15T15:00:00+00:00,25,T. Bramall,Fulham,Nottingham Forest,2,1,W,L,,,,,,,,,,,,,,,,,,,,
1208270,2024,2025-02-15T15:00:00+00:00,25,J. Gillett,Southampton,Bournemouth,1,3,L,W,,,,,,,,,,,,,,,,,,,,
1208272,2024,2025-02-15T15:00:00+00:00,25,D. England,West Ham,Brentford,0,1,L,W,,,,,,,,,,,,,,,,,,,,
1208269,2024,2025-02-15T15:00:00+00:00,25,A. Madley,Manchester City,Newcastle,4,0,W,L,,,,,,,,,,,,,,,,,,,,
1208263,2024,2025-02-15T15:00:00+00:00,25,R. Jones,Aston Villa,Ipswich,1,1,D,D,,,,,,,,,,,,,,,,,,,,
1208265,2024,2025-02-15T17:30:00+00:00,25,A. Taylor,Crystal Palace,Everton,1,2,L,W,,,,,,,,,,,,,,,,,,,,
1208268,2024,2025-02-16T14:00:00+00:00,25,S. Hooper,Liverpool,Wolves,2,1,W,L,,,,,,,,,,,,,,,,,,,,
1208271,2024,2025-02-16T16:30:00+00:00,25,P. Bankes,Tottenham,Manchester United,1,0,W,L,,,,,,,,,,,,,,,,,,,,
1208305,2024,2025-02-19T19:30:00+00:00,29,C. Pawson,Aston Villa,Liverpool,2,2,D,D,,,,,,,,,,,,,,,,,,,,
1208279,2024,2025-02-21T20:00:00+00:00,26,T. Harrington,Leicester,Brentford,0,4,L,W,,,,,,,,,,,,,,,,,,,,
1208276,2024,2025-02-22T12:30:00+00:00,26,A. Madley,Everton,Manchester United,2,2,D,D,,,,,,,,,,,,,,,,,,,,
1208273,2024,2025-02-22T15:00:00+00:00,26,M. Salisbury,Bournemouth,Wolves,0,1,L,W,,,,,,,,,,,,,,,,,,,,
1208277,2024,2025-02-22T15:00:00+00:00,26,R. Jones,Fulham,Crystal Palace,0,2,L,W,,,,,,,,,,,,,,,,,,,,
1208282,2024,2025-02-22T15:00:00+00:00,26,D. Bond,Southampton,Brighton,0,4,L,W,,,,,,,,,,,,,,,,,,,,
1208274,2024,2025-02-22T15:00:00+00:00,26,C. Pawson,Arsenal,West Ham,0,1,L,W,,,,,,,,,,,,,,,,,,,,
1208278,2024,2025-02-22T15:00:00+00:00,26,T. Robinson,Ipswich,Tottenham,1,4,L,W,,,,,,,,,,,,,,,,,,,,
1208275,2024,2025-02-22T17:30:00+00:00,26,M. Oliver,Aston Villa,Chelsea,2,1,W,L,,,,,,,,,,,,,,,,,,,,
1208281,2024,2025-02-23T14:00:00+00:00,26,J. Gillett,Newcastle,Nottingham Forest,4,3,W,L,,,,,,,,,,,,,,,,,,,,
1208280,2024,2025-02-23T16:30:00+00:00,26,A. Taylor,Manchester City,Liverpool,0,2,L,W,,,,,,,,,,,,,,,,,,,,
1208288,2024,2025-02-25T19:30:00+00:00,27,P. Bankes,Wolves,Fulham,1,2,L,W,,,,,,,,,,,,,,,,,,,,
1208284,2024,2025-02-25T19:30:00+00:00,27,M. Oliver,Brighton,Bournemouth,2,1,W,L,,,,,,,,,,,,,,,,,,,,
1208289,2024,2025-02-25T19:30:00+00:00,27,S. Barrott,Crystal Palace,Aston Villa,4,1,W,L,,,,,,,,,,,,,,,,,,,,
1208290,2024,2025-02-25T20:15:00+00:00,27,T. Bramall,Chelsea,Southampton,4,0,W,L,,,,,,,,,,,,,,,,,,,,
1208292,2024,2025-02-26T19:30:00+00:00,27,D. England,Manchester United,Ipswich,3,2,W,L,,,,,,,,,,,,,,,,,,,,
1208286,2024,2025-02-26T19:30:00+00:00,27,J. Gillett,Tottenham,Manchester City,0,1,L,W,,,,,,,,,,,,,,,,,,,,
1208283,2024,2025-02-26T19:30:00+00:00,27,S. Hooper,Brentford,Everton,1,1,D,D,,,,,,,,,,,,,,,,,,,,
1208285,2024,2025-02-26T19:30:00+00:00,27,A. Madley,Nottingham Forest,Arsenal,0,0,D,D,,,,,,,,,,,,,,,,,,,,
1208291,2024,2025-02-26T20:15:00+00:00,27,S. Attwell,Liverpool,Newcastle,2,0,W,L,,,,,,,,,,,,,,,,,,,,
1208287,2024,2025-02-27T20:00:00+00:00,27,A. Taylor,West Ham,Leicester,2,0,W,L,,,,,,,,,,,,,,,,,,,,
1208299,2024,2025-03-08T12:30:00+00:00,28,C. Kavanagh,Nottingham Forest,Manchester City,1,0,W,L,,,,,,,,,,,,,,,,,,,,
1208297,2024,2025-03-08T15:00:00+00:00,28,L. Smith,Liverpool,Southampton,3,1,W,L,,,,,,,,,,,,,,,,,,,,
1208294,2024,2025-03-08T15:00:00+00:00,28,S. Barrott,Brighton,Fulham,2,1,W,L,,,,,,,,,,,,,,,,,,,,
1208296,2024,2025-03-08T15:00:00+00:00,28,S. Hooper,Crystal Palace,Ipswich,1,0,W,L,,,,,,,,,,,,,,,,,,,,
1208293,2024,2025-03-08T17:30:00+00:00,28,J. Gillett,Brentford,Aston Villa,0,1,L,W,,,,,,,,,,,,,,,,,,,,
1208302,2024,2025-03-08T20:00:00+00:00,28,S. Attwell,Wolves,Everton,1,1,D,D,,,,,,,,,,,,,,,,,,,,
1208300,2024,2025-03-09T14:00:00+00:00,28,J. Brooks,Tottenham,Bournemouth,2,2,D,D,,,,,,,,,,,,,,,,,,,,
1208295,2024,2025-03-09T14:00:00+00:00,28,T. Robinson,Chelsea,Leicester,1,0,W,L,,,,,,,,,,,,,,,,,,,,
1208298,2024,2025-03-09T16:30:00+00:00,28,A. Taylor,Manchester United,Arsenal,1,1,D,D,,,,,,,,,,,,,,,,,,,,
1208301,2024,2025-03-10T20:00:00+00:00,28,M. Salisbury,West Ham,Newcastle,0,1,L,W,,,,,,,,,,,,,,,,,,,,
1208312,2024,2025-03-15T15:00:00+00:00,29,R. Jones,Southampton,Wolves,1,2,L,W,,,,,,,,,,,,,,,,,,,,
1208306,2024,2025-03-15T15:00:00+00:00,29,D. Bond,Everton,West Ham,1,1,D,D,,,,,,,,,,,,,,,,,,,,
1208310,2024,2025-03-15T15:00:00+00:00,29,S. Hooper,Manchester City,Brighton,2,2,D,D,,,,,,,,,,,,,,,,,,,,
1208308,2024,2025-03-15T15:00:00+00:00,29,M. Salisbury,Ipswich,Nottingham Forest,2,4,L,W,,,,,,,,,,,,,,,,,,,,
1208303,2024,2025-03-15T17:30:00+00:00,29,C. Pawson,Bournemouth,Brentford,1,2,L,W,,,,,,,,,,,,,,,,,,,,
1208307,2024,2025-03-16T13:30:00+00:00,29,A. Madley,Fulham,Tottenham,2,0,W,L,,,,,,,,,,,,,,,,,,,,
1208304,2024,2025-03-16T13:30:00+00:00,29,C. Kavanagh,Arsenal,Chelsea,1,0,W,L,,,,,,,,,,,,,,,,,,,,
1208309,2024,2025-03-16T19:00:00+00:00,29,T. Bramall,Leicester,Manchester United,0,3,L,W,,,,,,,,,,,,,,,,,,,,
1208317,2024,2025-04-01T18:45:00+00:00,30,T. Harrington,Wolves,West Ham,1,0,W,L,,,,,,,,,,,,,,,,,,,,
1208314,2024,2025-04-01T18:45:00+00:00,30,J. Brooks,Arsenal,Fulham,2,1,W,L,,,,,,,,,,,,,,,,,,,,
1208316,2024,2025-04-01T19:00:00+00:00,30,J. Gillett,Nottingham Forest,Manchester United,1,0,W,L,,,,,,,,,,,,,,,,,,,,
1208320,2024,2025-04-02T18:45:00+00:00,30,P. Bankes,Newcastle,Brentford,2,1,W,L,,,,,,,,,,,,,,,,,,,,
1208313,2024,2025-04-02T18:45:00+00:00,30,R. Jones,Bournemouth,Ipswich,1,2,L,W,,,,,,,,,,,,,,,,,,,,
1208321,2024,2025-04-02T18:45:00+00:00,30,A. Madley,Southampton,Crystal Palace,1,1,D,D,,,,,,,,,,,,,,,,,,,,
1208319,2024,2025-04-02T18:45:00+00:00,30,D. England,Manchester City,Leicester,2,0,W,L,,,,,,,,,,,,,,,,,,,,
1208315,2024,2025-04-02T18:45:00+00:00,30,S. Attwell,Brighton,Aston Villa,0,3,L,W,,,,,,,,,,,,,,,,,,,,
1208322,2024,2025-04-02T19:00:00+00:00,30,S. Barrott,Liverpool,Everton,1,0,W,L,,,,,,,,,,,,,,,,,,,,
1208318,2024,2025-04-03T19:00:00+00:00,30,C. Pawson,Chelsea,Tottenham,1,0,W,L,,,,,,,,,,,,,,,,,,,,
1208326,2024,2025-04-05T11:30:00+00:00,31,D. England,Everton,Arsenal,1,1,D,D,,,,,,,,,,,,,,,,,,,,
1208332,2024,2025-04-05T14:00:00+00:00,31,T. Robinson,West Ham,Bournemouth,2,2,D,D,,,,,,,,,,,,,,,,,,,,
1208325,2024,2025-04-05T14:00:00+00:00,31,A. Taylor,Crystal Palace,Brighton,2,1,W,L,,,,,,,,,,,,,,,,,,,,
1208328,2024,2025-04-05T14:00:00+00:00,31,P. Bankes,Ipswich,Wolves,1,2,L,W,,,,,,,,,,,,,,,,,,,,
1208323,2024,2025-04-05T16:30:00+00:00,31,S. Hooper,Aston Villa,Nottingham Forest,2,1,W,L,,,,,,,,,,,,,,,,,,,,
1208327,2024,2025-04-06T13:00:00+00:00,31,C. Kavanagh,Fulham,Liverpool,3,2,W,L,,,,,,,,,,,,,,,,,,,,
1208331,2024,2025-04-06T13:00:00+00:00,31,M. Salisbury,Tottenham,Southampton,3,1,W,L,,,,,,,,,,,,,,,,,,,,
1208324,2024,2025-04-06T13:00:00+00:00,31,M. Oliver,Brentford,Chelsea,0,0,D,D,,,,,,,,,,,,,,,,,,,,
1208330,2024,2025-04-06T15:30:00+00:00,31,J. Brooks,Manchester United,Manchester City,0,0,D,D,,,,,,,,,,,,,,,,,,,,
1208329,2024,2025-04-07T19:00:00+00:00,31,R. Jones,Leicester,Newcastle,0,3,L,W,,,,,,,,,,,,,,,,,,,,
1208338,2024,2025-04-12T11:30:00+00:00,32,J. Gillett,Manchester City,Crystal Palace,5,2,W,L,,,,,,,,,,,,,,,,,,,,
1208341,2024,2025-04-12T14:00:00+00:00,32,T. Bramall,Southampton,Aston Villa,0,3,L,W,,,,,,,,,,,,,,,,,,,,
1208335,2024,2025-04-12T14:00:00+00:00,32,D. Bond,Brighton,Leicester,2,2,D,D,,,,,,,,,,,,,,,,,,,,
1208340,2024,2025-04-12T14:00:00+00:00,32,C. Pawson,Nottingham Forest,Everton,0,1,L,W,,,,,,,,,,,,,,,,,,,,
1208334,2024,2025-04-12T16:30:00+00:00,32,S. Hooper,Arsenal,Brentford,1,1,D,D,,,,,,,,,,,,,,,,,,,,
1208342,2024,2025-04-13T13:00:00+00:00,32,A. Taylor,Wolves,Tottenham,4,2,W,L,,,,,,,,,,,,,,,,,,,,
1208337,2024,2025-04-13T13:00:00+00:00,32,A. Madley,Liverpool,West Ham,2,1,W,L,,,,,,,,,,,,,,,,,,,,
1208336,2024,2025-04-13T13:00:00+00:00,32,S. Attwell,Chelsea,Ipswich,2,2,D,D,,,,,,,,,,,,,,,,,,,,
1208339,2024,2025-04-13T15:30:00+00:00,32,C. Kavanagh,Newcastle,Manchester United,4,1,W,L,,,,,,,,,,,,,,,,,,,,
1208333,2024,2025-04-14T19:00:00+00:00,32,M. Oliver,Bournemouth,Fulham,1,0,W,L,,,,,,,,,,,,,,,,,,,,
1208311,2024,2025-04-16T18:30:00+00:00,29,D. England,Newcastle,Crystal Palace,5,0,W,L,,,,,,,,,,,,,,,,,,,,
1208346,2024,2025-04-19T14:00:00+00:00,33,S. Hooper,Everton,Manchester City,0,2,L,W,,,,,,,,,,,,,,,,,,,,
1208352,2024,2025-04-19T14:00:00+00:00,33,A. Kitchen,West Ham,Southampton,1,1,D,D,,,,,,,,,,,,,,,,,,,,
1208345,2024,2025-04-19T14:00:00+00:00,33,S. Barrott,Crystal Palace,Bournemouth,0,0,D,D,,,,,,,,,,,,,,,,,,,,
1208344,2024,2025-04-19T14:00:00+00:00,33,T. Robinson,Brentford,Brighton,4,2,W,L,,,,,,,,,,,,,,,,,,,,
1208343,2024,2025-04-19T16:30:00+00:00,33,J. Gillett,Aston Villa,Newcastle,4,1,W,L,,,,,,,,,,,,,,,,,,,,
1208350,2024,2025-04-20T13:00:00+00:00,33,R. Jones,Manchester United,Wolves,0,1,L,W,,,,,,,,,,,,,,,,,,,,
1208347,2024,2025-04-20T13:00:00+00:00,33,A. Taylor,Fulham,Chelsea,1,2,L,W,,,,,,,,,,,,,,,,,,,,
1208348,2024,2025-04-20T13:00:00+00:00,33,C. Kavanagh,Ipswich,Arsenal,0,4,L,W,,,,,,,,,,,,,,,,,,,,
1208349,2024,2025-04-20T15:30:00+00:00,33,S. Attwell,Leicester,Liverpool,0,1,L,W,,,,,,,,,,,,,,,,,,,,
1208351,2024,2025-04-21T19:00:00+00:00,33,P. Bankes,Tottenham,Nottingham Forest,1,2,L,W,,,,,,,,,,,,,,,,,,,,
1208358,2024,2025-04-22T19:00:00+00:00,34,C. Pawson,Manchester City,Aston Villa,2,1,W,L,,,,,,,,,,,,,,,,,,,,
1208354,2024,2025-04-23T19:00:00+00:00,34,M. Salisbury,Arsenal,Crystal Palace,2,2,D,D,,,,,,,,,,,,,,,,,,,,
1208356,2024,2025-04-26T11:30:00+00:00,34,C. Kavanagh,Chelsea,Everton,1,0,W,L,,,,,,,,,,,,,,,,,,,,
1208359,2024,2025-04-26T14:00:00+00:00,34,M. Salisbury,Newcastle,Ipswich,3,0,W,L,,,,,,,,,,,,,,,,,,,,
1208362,2024,2025-04-26T14:00:00+00:00,34,S. Barrott,Wolves,Leicester,3,0,W,L,,,,,,,,,,,,,,,,,,,,
1208361,2024,2025-04-26T14:00:00+00:00,34,T. Harrington,Southampton,Fulham,1,2,L,W,,,,,,,,,,,,,,,,,,,,
1208355,2024,2025-04-26T14:00:00+00:00,34,D. England,Brighton,West Ham,3,2,W,L,,,,,,,,,,,,,,,,,,,,
1208353,2024,2025-04-27T13:00:00+00:00,34,P. Bankes,Bournemouth,Manchester United,1,1,D,D,,,,,,,,,,,,,,,,,,,,
1208357,2024,2025-04-27T15:30:00+00:00,34,T. Bramall,Liverpool,Tottenham,5,1,W,L,,,,,,,,,,,,,,,,,,,,
1208360,2024,2025-05-01T18:30:00+00:00,34,D. England,Nottingham Forest,Brentford,0,2,L,W,,,,,,,,,,,,,,,,,,,,
1208371,2024,2025-05-02T19:00:00+00:00,35,P. Bankes,Manchester City,Wolves,1,0,W,L,,,,,,,,,,,,,,,,,,,,
1208364,2024,2025-05-03T11:30:00+00:00,35,R. Jones,Aston Villa,Fulham,1,0,W,L,,,,,,,,,,,,,,,,,,,,
1208369,2024,2025-05-03T14:00:00+00:00,35,L. Smith,Everton,Ipswich,2,2,D,D,,,,,,,,,,,,,,,,,,,,
1208370,2024,2025-05-03T14:00:00+00:00,35,D. Webb,Leicester,Southampton,2,0,W,L,,,,,,,,,,,,,,,,,,,,
1208363,2024,2025-05-03T16:30:00+00:00,35,J. Gillett,Arsenal,Bournemouth,1,2,L,W,,,,,,,,,,,,,,,,,,,,
1208372,2024,2025-05-04T13:00:00+00:00,35,M. Oliver,West Ham,Tottenham,1,1,D,D,,,,,,,,,,,,,,,,,,,,
1208366,2024,2025-05-04T13:00:00+00:00,35,C. Pawson,Brighton,Newcastle,1,1,D,D,,,,,,,,,,,,,,,,,,,,
1208365,2024,2025-05-04T13:00:00+00:00,35,A. Taylor,Brentford,Manchester United,4,3,W,L,,,,,,,,,,,,,,,,,,,,
1208367,2024,2025-05-04T15:30:00+00:00,35,S. Hooper,Chelsea,Liverpool,3,1,W,L,,,,,,,,,,,,,,,,,,,,
1208368,2024,2025-05-05T19:00:00+00:00,35,A. Madley,Crystal Palace,Nottingham Forest,1,1,D,D,,,,,,,,,,,,,,,,,,,,
1208374,2024,2025-05-10T14:00:00+00:00,36,D. England,Fulham,Everton,1,3,L,W,,,,,,,,,,,,,,,,,,,,
1208382,2024,2025-05-10T14:00:00+00:00,36,M. Oliver,Wolves,Brighton,0,2,L,W,,,,,,,,,,,,,,,,,,,,
1208380,2024,2025-05-10T14:00:00+00:00,36,T. Robinson,Southampton,Manchester City,0,0,D,D,,,,,,,,,,,,,,,,,,,,
1208375,2024,2025-05-10T14:00:00+00:00,36,S. Barrott,Ipswich,Brentford,0,1,L,W,,,,,,,,,,,,,,,,,,,,
1208373,2024,2025-05-10T16:30:00+00:00,36,S. Attwell,Bournemouth,Aston Villa,0,1,L,W,,,,,,,,,,,,,,,,,,,,
1208378,2024,2025-05-11T11:00:00+00:00,36,J. Brooks,Newcastle,Chelsea,2,0,W,L,,,,,,,,,,,,,,,,,,,,
1208377,2024,2025-05-11T13:15:00+00:00,36,J. Gillett,Manchester United,West Ham,0,2,L,W,,,,,,,,,,,,,,,,,,,,
1208381,2024,2025-05-11T13:15:00+00:00,36,C. Kavanagh,Tottenham,Crystal Palace,0,2,L,W,,,,,,,,,,,,,,,,,,,,
1208379,2024,2025-05-11T13:15:00+00:00,36,T. Harrington,Nottingham Forest,Leicester,2,2,D,D,,,,,,,,,,,,,,,,,,,,
1208376,2024,2025-05-11T15:30:00+00:00,36,A. Taylor,Liverpool,Arsenal,2,2,D,D,,,,,,,,,,,,,,,,,,,,
1208384,2024,2025-05-16T18:30:00+00:00,37,P. Bankes,Aston Villa,Tottenham,2,0,W,L,,,,,,,,,,,,,,,,,,,,
1208387,2024,2025-05-16T19:15:00+00:00,37,C. Kavanagh,Chelsea,Manchester United,1,0,W,L,,,,,,,,,,,,,,,,,,,,
1208389,2024,2025-05-18T11:00:00+00:00,37,M. Oliver,Everton,Southampton,2,0,W,L,,,,,,,,,,,,,,,,,,,,
1208392,2024,2025-05-18T13:15:00+00:00,37,S. Barrott,West Ham,Nottingham Forest,1,2,L,W,,,,,,,,,,,,,,,,,,,,
1208390,2024,2025-05-18T14:00:00+00:00,37,A. Kitchen,Leicester,Ipswich,2,0,W,L,,,,,,,,,,,,,,,,,,,,
1208385,2024,2025-05-18T14:00:00+00:00,37,J. Gillett,Brentford,Fulham,2,3,L,W,,,,,,,,,,,,,,,,,,,,
1208383,2024,2025-05-18T15:30:00+00:00,37,S. Hooper,Arsenal,Newcastle,1,0,W,L,,,,,,,,,,,,,,,,,,,,
1208386,2024,2025-05-19T19:00:00+00:00,37,A. Madley,Brighton,Liverpool,3,2,W,L,,,,,,,,,,,,,,,,,,,,
1208391,2024,2025-05-20T19:00:00+00:00,37,T. Bramall,Manchester City,Bournemouth,3,1,W,L,,,,,,,,,,,,,,,,,,,,
1208388,2024,2025-05-20T19:00:00+00:00,37,D. Webb,Crystal Palace,Wolves,4,2,W,L,,,,,,,,,,,,,,,,,,,,
1208397,2024,2025-05-25T15:00:00+00:00,38,T. Bramall,Manchester United,Aston Villa,2,0,W,L,,,,,,,,,,,,,,,,,,,,
1208398,2024,2025-05-25T15:00:00+00:00,38,T. Harrington,Newcastle,Everton,0,1,L,W,,,,,,,,,,,,,,,,,,,,
1208393,2024,2025-05-25T15:00:00+00:00,38,L. Smith,Bournemouth,Leicester,2,0,W,L,,,,,,,,,,,,,,,,,,,,
1208394,2024,2025-05-25T15:00:00+00:00,38,A. Madley,Fulham,Manchester City,0,2,L,W,,,,,,,,,,,,,,,,,,,,
1208402,2024,2025-05-25T15:00:00+00:00,38,C. Pawson,Wolves,Brentford,1,1,D,D,,,,,,,,,,,,,,,,,,,,
1208396,2024,2025-05-25T15:00:00+00:00,38,D. England,Liverpool,Crystal Palace,1,1,D,D,,,,,,,,,,,,,,,,,,,,
1208400,2024,2025-05-25T15:00:00+00:00,38,D. Bond,Southampton,Arsenal,1,2,L,W,,,,,,,,,,,,,,,,,,,,
1208401,2024,2025-05-25T15:00:00+00:00,38,R. Jones,Tottenham,Brighton,1,4,L,W,,,,,,,,,,,,,,,,,,,,
1208395,2024,2025-05-25T15:00:00+00:00,38,T. Robinson,Ipswich,West Ham,1,3,L,W,,,,,,,,,,,,,,,,,,,,
1208399,2024,2025-05-25T15:00:00+00:00,38,A. Taylor,Nottingham Forest,Chelsea,0,1,L,W,,,,,,,,,,,,,,,,,,,,
